title,price
Sequin Embellished High Neck Midaxi Dress,£295
Pure Cashmere Embellished Mini Jumper Dress,£300
Bardot Feather Fringed Midi Bodycon Dress,£180
Wool Blend Embellished Tassel Midi Dress,£250
Metallic Embellished Mini Shift Dress,£170
Wool Blend Strapless Mini Tailored Dress,£100
Metallic Embellished Maxi Bodycon Dress,£250
Metallic Spot Print Midi Waisted Dress,£48
Sheer Frill Detail Midi Waisted Dress,£48
Jersey Animal Print Long Sleeve Maxi Dress,£36
Mesh Printed Mini Skater Dress,£36
Jersey Round Neck Mini Skater Dress,£36
Knitted Crew Neck Midi Skater Dress,£38
Jersey Round Neck Mini Skater Dress,£36
Jersey Textured Scoop Neck Midi Column Dress,£35
Organza Puff Sleeve Mini Shift Dress,£46
Tie Neck Ruffle Mini Relaxed Dress,£30
Floral Jacquard Belted Midi Shirt Dress,£125
Wool Rich Flannel Belted Midi Dress,£150
Cupro Rich Cape Detail Mini Dress,£90
Cotton Rich Jersey Ribbed Midi Skater Dress,£30
Jersey Cosy Scoop Neck Mini Skater Dress,£26
Organza Puff Sleeve Mini Shift Dress,£46
Knitted Crew Neck Midi Skater Dress,£38
Polka Dot Midaxi Tea Dress,£46
Jersey Cosy Scoop Neck Mini Skater Dress,£26
Cotton Rich Denim Round Neck Mini Shift Dress,£46
Corduroy Round Neck Mini Drop Waist Dress,£36
Scoop Neck Mini Waisted Dress With Wool,£100
Pure Cotton Tie Neck Pleated Mini Dress,£50
Floral Jacquard Midi Wrap Dress,£125
Jersey Cosy Midi Column Dress,£36
Crepe Box Pleat Shift Dress,£89
Pure Cotton Jersey Embroidered Midaxi Skater Dress,£150
Jersey Jacquard Midi Column Dress,£30
Corduroy Round Neck Mini Drop Waist Dress,£36
Sparkly V-Neck Puff Sleeve Mini Tea Dress,£26
Jersey Drop Waist Mini Skater Dress,£36
Sheer Lace Midaxi Column Dress,£48
Floral Midaxi Bodycon Dress,£82
Polka Dot V-Neck Midi Tea Dress,£69
Polka Dot V-Neck Midi Tea Dress,£69
Pure Cotton Polka Dot Mini Smock Dress,£89
Floral V-Neck Midaxi Waisted Dress,£69.50
Cherry Leopard Print Maxi Waisted Dress,£129
Lace Sequin Mini Skater Dress,£65
Embellished Bow Detail Mini Dress,£65
Embellished Bow Detail Mini Dress,£65
